id,filename,region,visual_theme,category,duration_sec,candidate_tier,priority_review,visual_note
V0001,DSCF5649_高品質 1080p HD.mp4,安芸,ガラス加工,交流・体験,11.011,,False,
V0002,DSCF5651_高品質 1080p HD.mp4,安芸,ガラス加工,工場全景,10.01,,False,
V0003,DSCF5655_高品質 1080p HD.mp4,安芸,ガラス加工,手仕事,9.009,A,True,発光する素材を台上で成形。冒頭の視覚フック候補
V0004,DSCF5657_高品質 1080p HD.mp4,安芸,ガラス加工,手仕事・機械,9.009,,False,
V0005,DSCF5662_高品質 1080p HD.mp4,安芸,ガラス加工,人物・手仕事,8.008,,False,
V0006,DSCF5663_高品質 1080p HD.mp4,安芸,ガラス加工,交流・体験,8.008,,False,
V0007,DSCF5664_高品質 1080p HD.mp4,安芸,ガラス加工,人物・交流・体験,8.008,,False,
V0008,DSCF5665_高品質 1080p HD.mp4,安芸,ガラス加工,交流・体験,8.008,,False,
V0009,DSCF5669_高品質 1080p HD.mp4,安芸,ガラス加工,機械・手仕事,8.008,,False,
V0010,DSCF5670_高品質 1080p HD.mp4,安芸,ガラス加工,手仕事,23.023,A,False,加熱素材の持ち出しから成形まで。工程をつなぐ候補
V0011,DSCF5671_高品質 1080p HD.mp4,安芸,ガラス加工,手仕事,11.011,A,False,発光素材と道具の接触が明瞭。手仕事の寄り
V0012,DSCF5675_高品質 1080p HD.mp4,安芸,ガラス加工,手仕事・機械,16.016,A,False,素材の形状変化と機械への投入。加工の瞬間
V0013,DSCF5677_高品質 1080p HD.mp4,安芸,ガラス加工,人物・手仕事,17.017,,False,
V0014,DSCF5699_高品質 1080p HD.mp4,安芸,ガラス加工,手仕事,13.013,,False,
V0015,DSCF5701_高品質 1080p HD.mp4,安芸,ガラス加工,機械・手仕事,19.019,A,False,炉の光と素材の出し入れ。工場らしい光・動作
V0016,DSCF5702_高品質 1080p HD.mp4,安芸,ガラス加工,工場全景,6.006,,False,
V0017,DSCF5707_高品質 1080p HD.mp4,安芸,ガラス加工,工場全景,7.007,,False,
V0018,DSCF5709_高品質 1080p HD.mp4,安芸,ガラス加工,機械・素材加工,7.007,A,False,粒状素材の搬送。反復する動きの候補
V0019,DSCF5730_高品質 1080p HD.mp4,安芸,ガラス加工,機械・素材加工,48.048,A,False,流れる素材の寄り。環境音・連続作業音は要試聴
V0020,DSCF5744_高品質 1080p HD.mp4,安芸,装飾・工芸体験,交流・体験,4.004,,False,
V0021,DSCF5746_高品質 1080p HD.mp4,安芸,装飾・工芸体験,人物・交流・体験,8.008,,False,
V0022,DSCF5747_高品質 1080p HD.mp4,安芸,装飾・工芸体験,交流・体験,9.009,,False,
V0023,DSCF5748_高品質 1080p HD.mp4,安芸,装飾・工芸体験,資料,4.004,,False,
V0024,DSCF5749_高品質 1080p HD.mp4,安芸,装飾・工芸体験,製品・交流・体験,16.016,,False,
V0025,DSCF5761_高品質 1080p HD.mp4,安芸,装飾・工芸体験,交流・体験,19.019,,False,
V0026,DSCF5762_高品質 1080p HD.mp4,安芸,装飾・工芸体験,手仕事・交流・体験,5.005,,False,
V0027,DSCF5766_高品質 1080p HD.mp4,安芸,装飾・工芸体験,手仕事・素材加工・交流・体験,18.018,B,False,色の異なる粒状素材を手で扱う寄り。体験の導入候補
V0028,DSCF5767_高品質 1080p HD.mp4,安芸,装飾・工芸体験,手仕事・交流・体験,32.032,,False,
V0029,DSCF5791_高品質 1080p HD.mp4,安芸,装飾・工芸体験,地域風景・交流・体験,7.007,,False,
V0030,DSCF5811_高品質 1080p HD.mp4,安芸,装飾・工芸体験,交流・体験,17.017,,False,
V0031,DSCF5837_高品質 1080p HD.mp4,安芸,装飾・工芸体験,手仕事・交流・体験,33.033,B,False,細かなパーツを扱う手元。参加できるものづくり
V0032,DSCF5838_高品質 1080p HD.mp4,安芸,装飾・工芸体験,手仕事・交流・体験,23.023,,False,
V0033,DSCF5845_高品質 1080p HD.mp4,安芸,液体調合体験,地域風景・交流・体験,12.012,,False,
V0034,DSCF5860_高品質 1080p HD.mp4,安芸,液体調合体験,製品・地域風景,20.02,,False,
V0035,DSCF5867_高品質 1080p HD.mp4,安芸,液体調合体験,交流・体験,7.007,B,False,水面に触れる手元。体験と触感
V0036,DSCF5869_高品質 1080p HD.mp4,安芸,液体調合体験,製品・素材加工,16.016,B,False,水が滴る円形容器の寄り。水音は要試聴
V0037,DSCF5887_高品質 1080p HD.mp4,安芸,液体調合体験,人物・交流・体験,12.012,,False,
V0038,DSCF5893_高品質 1080p HD.mp4,安芸,液体調合体験,人物・交流・体験,21.021,,False,
V0039,DSCF5894_高品質 1080p HD.mp4,安芸,液体調合体験,人物・交流・体験,9.009,,False,
V0040,DSCF5908_高品質 1080p HD.mp4,安芸,液体調合体験,手仕事・交流・体験,22.022,B,True,漏斗で容器に注ぐ手元。体験の工程
V0041,DSCF5919_高品質 1080p HD.mp4,安芸,液体調合体験,手仕事・交流・体験,19.019,,False,
V0042,DSCF5924_高品質 1080p HD.mp4,安芸,液体調合体験,手仕事・交流・体験,18.018,,False,
V0043,DSCF5935_高品質 1080p HD.mp4,安芸,液体調合体験,製品・交流・体験,17.017,,False,
V0044,DSCF5967_高品質 1080p HD.mp4,安芸,地域風景・告知（業種対象外）,地域風景,12.012,,False,
V0045,DSCF5968_高品質 1080p HD.mp4,安芸,業種要確認,人物・地域風景,2.002,,False,
V0046,DSCF5976_高品質 1080p HD.mp4,安芸,地域風景・告知（業種対象外）,地域風景,13.013,,False,
V0047,DSCF5981_高品質 1080p HD.mp4,安芸,器・工芸,工場全景・交流・体験,6.006,,False,
V0048,DSCF5982_高品質 1080p HD.mp4,安芸,器・工芸,人物・交流・体験,8.008,,False,
V0049,DSCF5994_高品質 1080p HD.mp4,安芸,器・工芸,製品・手仕事,17.017,A,False,器と注ぐ手元。製品の質感と人の関わり
V0050,DSCF5995_高品質 1080p HD.mp4,安芸,器・工芸,人物・交流・体験,8.008,,False,
V0051,DSCF5996_高品質 1080p HD.mp4,安芸,器・工芸,製品・手仕事,9.009,,False,
V0052,DSCF6003_高品質 1080p HD.mp4,安芸,器・工芸,交流・体験,8.008,,False,
V0053,DSCF6004_高品質 1080p HD.mp4,安芸,器・工芸,人物・交流・体験,5.005,,False,
V0054,DSCF6015_高品質 1080p HD.mp4,安芸,器・工芸,交流・体験,7.007,,False,
V0055,DSCF6025_高品質 1080p HD.mp4,安芸,器・工芸,製品・手仕事,8.008,A,False,器に注がれる液体の寄り。注ぐ音は要試聴
V0056,DSCF6053_高品質 1080p HD.mp4,安芸,業種要確認,交流・体験,6.006,,False,
V0057,DSCF6054_高品質 1080p HD.mp4,安芸,業種要確認,人物・交流・体験,11.011,,False,
V0058,DSCF6055_高品質 1080p HD.mp4,安芸,業種要確認,交流・体験,6.006,,False,
V0059,DSCF6056_高品質 1080p HD.mp4,安芸,業種要確認,交流・体験,7.007,,False,
V0060,DSCF6057_高品質 1080p HD.mp4,安芸,業種要確認,交流・体験,7.007,,False,
V0061,DSCF6058_高品質 1080p HD.mp4,安芸,業種要確認,交流・体験,7.007,,False,
V0062,DSCF6060_高品質 1080p HD.mp4,安芸,業種要確認,人物・交流・体験,13.013,,False,
V0063,DSCF6071_高品質 1080p HD.mp4,安芸,業種要確認,交流・体験,6.006,,False,
V0064,DSCF6076_高品質 1080p HD.mp4,安芸,業種要確認,人物・交流・体験,7.007,,False,
V0065,DSCF6101_高品質 1080p HD.mp4,安芸,業種要確認,人物・交流・体験,13.013,,False,
V0066,DSCF6126_高品質 1080p HD.mp4,安芸,業種要確認,交流・体験,12.012,,False,
V0067,DSCF6145_高品質 1080p HD.mp4,安芸,業種要確認,人物・交流・体験,29.029,,False,
V0068,DSCF6151_高品質 1080p HD.mp4,安芸,業種要確認,人物・交流・体験,11.011,,False,
V0069,DSCF6172_高品質 1080p HD.mp4,安芸,業種要確認,交流・体験,8.008,,False,
V0070,DSCF6210_高品質 1080p HD.mp4,安芸,業種要確認,交流・体験,4.004,,False,
V0071,DSCF6214_高品質 1080p HD.mp4,安芸,業種要確認,交流・体験,16.016,,False,
V0072,DSCF2588_高品質 1080p HD.mp4,安芸,業種要確認,地域風景・交流・体験,5.005,,False,
V0073,DSCF2589_高品質 1080p HD.mp4,安芸,業種要確認,地域風景・交流・体験,4.004,,False,
V0074,DSCF2652_高品質 1080p HD.mp4,安芸,業種要確認,交流・体験,5.005,,False,
V0075,DSCF2704_高品質 1080p HD.mp4,安芸,地域風景・告知（業種対象外）,地域風景,7.007,,False,
V0076,DSCF2705_高品質 1080p HD.mp4,安芸,地域風景・告知（業種対象外）,地域風景,6.006,,False,
V0077,DSCF2706_高品質 1080p HD.mp4,安芸,工芸製品,製品・交流・体験,10.01,,False,
V0078,DSCF2707_高品質 1080p HD.mp4,安芸,工芸製品,製品・交流・体験,8.008,,False,
V0079,DSCF6215_高品質 1080p HD.mp4,安芸,地域風景・告知（業種対象外）,地域風景,6.006,,False,
V0080,DSCF6219_高品質 1080p HD.mp4,安芸,地域風景・告知（業種対象外）,地域風景,6.006,,False,
V0081,DSCF6220_高品質 1080p HD.mp4,安芸,地域風景・告知（業種対象外）,地域風景,6.006,,False,
V0082,DSCF6222_高品質 1080p HD.mp4,安芸,地域風景・告知（業種対象外）,地域風景,10.01,,False,
V0083,DSCF6229_高品質 1080p HD.mp4,安芸,装飾・工芸,交流・体験,9.009,,False,
V0084,DSCF6230_高品質 1080p HD.mp4,安芸,装飾・工芸,人物・交流・体験,8.008,,False,
V0085,DSCF6235_高品質 1080p HD.mp4,安芸,装飾・工芸,人物・交流・体験,5.005,,False,
V0086,DSCF6236_高品質 1080p HD.mp4,安芸,装飾・工芸,人物・交流・体験,14.014,,False,
V0087,DSCF6242_高品質 1080p HD.mp4,安芸,装飾・工芸,手仕事・交流・体験,34.034,,False,
V0088,DSCF6245_高品質 1080p HD.mp4,安芸,装飾・工芸,手仕事・交流・体験,9.009,,False,
V0089,DSCF6246_高品質 1080p HD.mp4,安芸,装飾・工芸,手仕事・交流・体験,22.022,,False,
V0090,DSCF6250_高品質 1080p HD.mp4,安芸,装飾・工芸,手仕事・交流・体験,28.028,,False,
V0091,DSCF6251_高品質 1080p HD.mp4,安芸,装飾・工芸,製品・交流・体験,4.004,,False,
V0092,DSCF6253_高品質 1080p HD.mp4,安芸,装飾・工芸,製品・交流・体験,10.01,,False,
V0093,DSCF6254_高品質 1080p HD.mp4,安芸,装飾・工芸,手仕事・素材加工・交流・体験,9.009,B,False,金色の素材を道具に貼るような手元。素材加工の体験
V0094,DSCF6257_高品質 1080p HD.mp4,安芸,装飾・工芸,手仕事・交流・体験,16.016,,False,
V0095,DSCF6258_高品質 1080p HD.mp4,安芸,装飾・工芸,手仕事・素材加工・交流・体験,27.027,B,True,金色の細長い製品を拭き整える手元。光る質感
V0096,DSCF6259_高品質 1080p HD.mp4,安芸,装飾・工芸,手仕事・素材加工・交流・体験,28.028,,False,
V0097,DSCF6264_高品質 1080p HD.mp4,安芸,装飾・工芸,交流・体験,8.008,,False,
V0098,DSCF6267_高品質 1080p HD.mp4,安芸,装飾・工芸,手仕事・交流・体験,12.012,,False,
V0099,DSCF6272_高品質 1080p HD.mp4,安芸,装飾・工芸,交流・体験,12.012,B,False,器と注ぐ動作、参加者の関わり。体験の締め候補
V0100,DSCF6273_高品質 1080p HD.mp4,安芸,装飾・工芸,人物・交流・体験,13.013,,False,
V0101,DSCF6282_高品質 1080p HD.mp4,安芸,装飾・工芸,手仕事・交流・体験,4.004,,False,
V0102,DSCF6284_高品質 1080p HD.mp4,安芸,装飾・工芸,手仕事・交流・体験,13.013,,False,
V0103,DSCF6285_高品質 1080p HD.mp4,安芸,装飾・工芸,手仕事・交流・体験,22.022,,False,
V0104,DSCF6291_高品質 1080p HD.mp4,安芸,装飾・工芸,手仕事・素材加工・交流・体験,13.013,B,False,道具で素材に押し当てる手元。加工の瞬間と打音の可能性（要試聴）
V0105,DSCF6300_高品質 1080p HD.mp4,安芸,装飾・工芸,手仕事・交流・体験,16.016,B,False,細い棒を組み合わせる手元。組立の体験
V0106,DSCF6301_高品質 1080p HD.mp4,安芸,装飾・工芸,交流・体験,6.006,,False,
V0107,DSCF6314_高品質 1080p HD.mp4,安芸,装飾・工芸,手仕事・交流・体験,13.013,,False,
V0108,DSCF6315_高品質 1080p HD.mp4,安芸,装飾・工芸,手仕事・交流・体験,21.021,,False,
V0109,DSCF6334_高品質 1080p HD.mp4,安芸,装飾・工芸,手仕事・交流・体験,15.015,,False,
V0110,DSCF6358_高品質 1080p HD.mp4,安芸,装飾・工芸,手仕事・交流・体験,11.011,,False,
V0111,DSCF6359_高品質 1080p HD.mp4,安芸,装飾・工芸,手仕事・交流・体験,15.015,B,False,小さなパーツをつなぐ手仕事の寄り
V0112,DSCF6362_高品質 1080p HD.mp4,安芸,装飾・工芸,人物・交流・体験,9.009,,False,
V0113,DSCF6387_高品質 1080p HD.mp4,安芸,装飾・工芸,手仕事・交流・体験,26.026,,False,
V0114,DSCF6389_高品質 1080p HD.mp4,安芸,装飾・工芸,交流・体験,6.006,,False,
V0115,DSCF6391_高品質 1080p HD.mp4,安芸,地域風景・告知（業種対象外）,地域風景,6.006,,False,
V0116,DSCF6395_高品質 1080p HD.mp4,安芸,装飾・工芸,人物・交流・体験,8.008,,False,
V0117,DSCF6397_高品質 1080p HD.mp4,安芸,装飾・工芸,手仕事・交流・体験,4.004,,False,
V0118,DSCF6398_高品質 1080p HD.mp4,安芸,装飾・工芸,交流・体験,8.008,,False,
V0119,DSCF6399_高品質 1080p HD.mp4,安芸,装飾・工芸,資料・交流・体験,3.003,,False,
V0120,DSCF6400_高品質 1080p HD.mp4,安芸,装飾・工芸,資料・交流・体験,8.008,,False,
V0121,DSCF6405_高品質 1080p HD.mp4,安芸,装飾・工芸,手仕事・交流・体験,8.008,,False,
V0122,DSCF6406_高品質 1080p HD.mp4,安芸,装飾・工芸,手仕事・交流・体験,8.008,,False,
V0123,DSCF6409_高品質 1080p HD.mp4,安芸,装飾・工芸,手仕事・交流・体験,47.047,,False,
V0124,DSCF6410_高品質 1080p HD.mp4,安芸,装飾・工芸,手仕事・交流・体験,13.013,,False,
V0125,DSCF6417_高品質 1080p HD.mp4,安芸,装飾・工芸,交流・体験,4.004,,False,
V0126,DSCF6418_高品質 1080p HD.mp4,安芸,装飾・工芸,製品・交流・体験,4.004,,False,
V0127,DSCF6423_高品質 1080p HD.mp4,安芸,装飾・工芸,手仕事・交流・体験,18.018,,False,
V0128,DSCF6435_高品質 1080p HD.mp4,安芸,装飾・工芸,手仕事・交流・体験,15.015,,False,
V0129,DSCF6436_高品質 1080p HD.mp4,安芸,装飾・工芸,手仕事・交流・体験,10.01,,False,
V0130,DSCF6440_高品質 1080p HD.mp4,安芸,木工体験,手仕事・交流・体験,34.034,B,True,立体の幾何学形を組む手元。完成までの変化の候補
V0131,DSCF6441_高品質 1080p HD.mp4,安芸,装飾・工芸,手仕事・交流・体験,39.039,,False,
V0132,DSCF6452_高品質 1080p HD.mp4,安芸,装飾・工芸,人物・交流・体験,8.008,,False,
V0133,DSCF6457_高品質 1080p HD.mp4,安芸,装飾・工芸,人物・交流・体験,8.008,,False,
V0134,DSCF6462_高品質 1080p HD.mp4,安芸,装飾・工芸,人物・交流・体験,4.004,,False,
V0135,DSCF6484_高品質 1080p HD.mp4,安芸,装飾・工芸,地域風景・交流・体験,12.012,B,False,SFV表記の旗と街を歩く人。イベントの場所感
V0136,DSCF2923_高品質 1080p HD.mp4,安芸,装飾・工芸,交流・体験,11.011,,False,
V0137,DSCF2924_高品質 1080p HD.mp4,安芸,装飾・工芸,交流・体験,6.006,,False,
V0138,DSCF2925_高品質 1080p HD.mp4,安芸,装飾・工芸,手仕事・交流・体験,7.007,,False,
V0139,DSCF2951_高品質 1080p HD.mp4,安芸,装飾・工芸,製品・交流・体験,12.012,,False,
V0140,DSCF2952_高品質 1080p HD.mp4,安芸,装飾・工芸,製品・交流・体験,23.023,,False,
V0141,DSCF2953_高品質 1080p HD.mp4,安芸,業種要確認,製品・交流・体験,7.007,,False,
V0142,DSCF3075_高品質 1080p HD.mp4,安芸,業種要確認,人物・交流・体験,27.027,,False,
V0143,DSCF0410_高品質 1080p HD.mp4,備後,業種要確認,工場全景・交流・体験,7.007,,False,
V0144,DSCF0411_高品質 1080p HD.mp4,備後,業種要確認,工場全景・交流・体験,7.007,,False,
V0145,DSCF0413_高品質 1080p HD.mp4,備後,業種要確認,資料・交流・体験,8.008,,False,
V0146,DSCF0441_高品質 1080p HD.mp4,備後,金属加工・設備,機械・工場全景,13.013,,False,
V0147,DSCF0470_高品質 1080p HD.mp4,備後,業種要確認,交流・体験,12.012,,False,
V0148,DSCF0471_高品質 1080p HD.mp4,備後,業種要確認,交流・体験,8.008,,False,
V0149,DSCF2596_高品質 1080p HD.mp4,備後,木工・家具,工場全景,6.006,,False,
V0150,DSCF2600_高品質 1080p HD.mp4,備後,木工・家具,手仕事・交流・体験,7.007,B,False,木製部品を押さえて取り付ける手元。組立工程
V0151,DSCF2601_高品質 1080p HD.mp4,備後,木工・家具,手仕事・交流・体験,13.013,,False,
V0152,DSCF2610_高品質 1080p HD.mp4,備後,木工・家具,手仕事・素材加工・交流・体験,30.03,B,False,木に塗料を塗る手元。素材の表面変化
V0153,DSCF2611_高品質 1080p HD.mp4,備後,木工・家具,手仕事・交流・体験,28.028,,False,
V0154,DSCF2619_高品質 1080p HD.mp4,備後,木工・家具,機械・手仕事・素材加工・交流・体験,6.006,A,False,電動工具を木面に当てる寄り。機械音候補（要試聴）
V0155,DSCF2620_高品質 1080p HD.mp4,備後,木工・家具,手仕事・交流・体験,9.009,B,False,木製品を組み立てる手元。体験として使いやすい
V0156,DSCF2623_高品質 1080p HD.mp4,備後,木工・家具,交流・体験,17.017,,False,
V0157,DSCF2634_高品質 1080p HD.mp4,備後,木工・家具,人物・製品・交流・体験,6.006,B,False,完成した椅子を見せる笑顔。工程後の体験・成果
V0158,DSCF2635_高品質 1080p HD.mp4,備後,木工・家具,製品,4.004,,False,
V0159,DSCF2649_高品質 1080p HD.mp4,備後,業種要確認,交流・体験,16.016,,False,
V0160,DSCF2657_高品質 1080p HD.mp4,備後,業種要確認,機械・交流・体験,8.008,,False,
V0161,DSCF2658_高品質 1080p HD.mp4,備後,業種要確認,機械・交流・体験,9.009,,False,
V0162,DSCF2659_高品質 1080p HD.mp4,備後,業種要確認,機械・交流・体験,20.02,,False,
V0163,DSCF2673_高品質 1080p HD.mp4,備後,業種要確認,人物・交流・体験,6.006,,False,
V0164,DSCF2674_高品質 1080p HD.mp4,備後,業種要確認,人物・交流・体験,7.007,,False,
V0165,DSCF2679_高品質 1080p HD.mp4,備後,業種要確認,交流・体験,5.005,,False,
V0166,DSCF2680_高品質 1080p HD.mp4,備後,業種要確認,人物・交流・体験,11.011,,False,
V0167,DSCF2681_高品質 1080p HD.mp4,備後,業種要確認,人物・交流・体験,10.01,,False,
V0168,DSCF2688_高品質 1080p HD.mp4,備後,業種要確認,人物・交流・体験,9.009,,False,
V0169,DSCF2689_高品質 1080p HD.mp4,備後,業種要確認,人物・交流・体験,23.023,,False,
V0170,DSCF2694_高品質 1080p HD.mp4,備後,業種要確認,人物・交流・体験,8.008,,False,
V0171,DSCF2695_高品質 1080p HD.mp4,備後,業種要確認,人物・交流・体験,9.009,,False,
V0172,DSCF2710_高品質 1080p HD.mp4,備後,板材加工・設備,手仕事・機械,12.012,A,False,板状素材を器具で持ち上げる作業。手と機械の連携
V0173,DSCF2725_高品質 1080p HD.mp4,備後,板材加工・設備,製品・手仕事,14.014,A,False,積み重なった板状製品を扱う作業。工場の物量
V0174,DSCF2726_高品質 1080p HD.mp4,備後,板材加工・設備,製品・手仕事,10.01,,False,
V0175,DSCF2727_高品質 1080p HD.mp4,備後,印刷・看板（映像テーマ）,機械・素材加工,13.013,A,True,大型プリンターのヘッド移動。看板・印刷の機械動作候補
V0176,DSCF2728_高品質 1080p HD.mp4,備後,板材加工・設備,機械・素材加工,9.009,,False,
V0177,DSCF2730_高品質 1080p HD.mp4,備後,板材加工・設備,手仕事・機械・素材加工,10.01,A,False,光を当てる器具と板材の作業。機械と手元の見せ場
V0178,DSCF2734_高品質 1080p HD.mp4,備後,板材加工・設備,手仕事・機械・交流・体験,19.019,,False,
V0179,DSCF2735_高品質 1080p HD.mp4,備後,板材加工・設備,機械・交流・体験,12.012,,False,
V0180,DSCF2742_高品質 1080p HD.mp4,備後,業種要確認,交流・体験,25.025,,False,
V0181,DSCF2747_高品質 1080p HD.mp4,備後,業種要確認,人物・交流・体験,7.007,,False,
V0182,DSCF2748_高品質 1080p HD.mp4,備後,業種要確認,製品,13.013,,False,
V0183,DSCF2763_高品質 1080p HD.mp4,備後,業種要確認,製品・資料,15.015,,False,
V0184,DSCF2766_高品質 1080p HD.mp4,備後,地域風景・告知（業種対象外）,資料・地域風景,7.007,,False,
V0185,DSCF2767_高品質 1080p HD.mp4,備後,業種要確認,人物・交流・体験,6.006,,False,
V0186,DSCF2768_高品質 1080p HD.mp4,備後,業種要確認,手仕事・交流・体験,18.018,,False,
V0187,DSCF2776_高品質 1080p HD.mp4,備後,業種要確認,地域風景・資料,9.009,,False,
V0188,DSCF2781_高品質 1080p HD.mp4,備後,地域風景・告知（業種対象外）,地域風景,4.004,,False,
V0189,DSCF2782_高品質 1080p HD.mp4,備後,木工・工芸,機械・工場全景,8.008,,False,
V0190,DSCF2787_高品質 1080p HD.mp4,備後,木工・工芸,交流・体験,4.004,,False,
V0191,DSCF2792_高品質 1080p HD.mp4,備後,木工・工芸,製品,4.004,,False,
V0192,DSCF2793_高品質 1080p HD.mp4,備後,木工・工芸,機械・工場全景,7.007,A,False,工場内に並ぶ機械。作業音・環境音の候補（要試聴）
V0193,DSCF2794_高品質 1080p HD.mp4,備後,木工・工芸,手仕事・製品,13.013,A,False,重なる木製部品を扱う作業。工程の量感
V0194,DSCF2796_高品質 1080p HD.mp4,備後,木工・工芸,機械・手仕事,8.008,A,False,道具で素材表面を処理する職人の手元。作業音は要試聴
V0195,DSCF2804_高品質 1080p HD.mp4,備後,木工・工芸,手仕事・製品,25.025,A,False,木製の箱状部品を組み合わせる寄り。精密な手仕事
V0196,DSCF2805_高品質 1080p HD.mp4,備後,木工・工芸,手仕事・製品,29.029,,False,
V0197,DSCF2817_高品質 1080p HD.mp4,備後,木工・工芸,人物・工場全景,6.006,,False,
V0198,DSCF2818_高品質 1080p HD.mp4,備後,木工・工芸,手仕事・素材加工,18.018,,False,
V0199,DSCF2825_高品質 1080p HD.mp4,備後,木工・工芸,手仕事・素材加工,27.027,A,False,木面を磨く手元。擦れる音の候補（要試聴）
V0200,DSCF2826_高品質 1080p HD.mp4,備後,木工・工芸,手仕事・素材加工,14.014,,False,
V0201,DSCF2827_高品質 1080p HD.mp4,備後,木工・工芸,製品,12.012,,False,
V0202,DSCF2835_高品質 1080p HD.mp4,備後,木工・工芸,製品,6.006,,False,
V0203,DSCF2836_高品質 1080p HD.mp4,備後,木工・工芸,製品,3.003,,False,
V0204,DSCF2842_高品質 1080p HD.mp4,備後,木工・工芸,機械・手仕事・素材加工,13.013,A,False,木材を加工機に当てる手元。素材加工の見せ場
V0205,DSCF2846_高品質 1080p HD.mp4,備後,木工・工芸,手仕事・製品,39.039,,False,
V0206,DSCF2847_高品質 1080p HD.mp4,備後,木工・工芸,手仕事・製品,42.042,,False,
V0207,DSCF2854_高品質 1080p HD.mp4,備後,木工・工芸,工場全景,6.006,,False,
V0208,DSCF2855_高品質 1080p HD.mp4,備後,繊維・織物,人物・交流・体験,9.009,,False,
V0209,DSCF2856_高品質 1080p HD.mp4,備後,繊維・織物,機械・素材加工,5.005,A,False,糸や線状の素材を扱う機械の近景。反復動作・機械音は要確認
V0210,DSCF2862_高品質 1080p HD.mp4,備後,繊維・織物,機械・素材加工,8.008,,False,
V0211,DSCF2863_高品質 1080p HD.mp4,備後,繊維・織物,機械・工場全景・交流・体験,12.012,,False,
V0212,DSCF2864_高品質 1080p HD.mp4,備後,繊維・織物,機械・工場全景,8.008,,False,
V0213,DSCF2865_高品質 1080p HD.mp4,備後,繊維・織物,人物・機械・交流・体験,8.008,,False,
V0214,DSCF2866_高品質 1080p HD.mp4,備後,繊維・織物,機械・素材加工,9.009,A,False,並ぶ線状素材の寄り。素材の密度と繰り返し
V0215,DSCF2867_高品質 1080p HD.mp4,備後,繊維・織物,機械,4.004,A,False,機械の回転部の寄り。回転と機械音は再生確認
V0216,DSCF2869_高品質 1080p HD.mp4,備後,繊維・織物,機械・素材加工,8.008,A,False,装置の部品が横移動する工程。反復動作の候補
V0217,DSCF2870_高品質 1080p HD.mp4,備後,繊維・織物,機械・交流・体験,15.015,,False,
V0218,DSCF2882_高品質 1080p HD.mp4,備後,木工・家具,機械・手仕事・素材加工,8.008,A,False,加工機と木材、職人の手元が同時に見える寄り
V0219,DSCF2883_高品質 1080p HD.mp4,備後,木工・家具,機械・手仕事・素材加工,16.016,,False,
V0220,DSCF2887_高品質 1080p HD.mp4,備後,木工・家具,手仕事・素材加工,10.01,A,False,木材の曲面を手で磨く寄り。手仕事の触感
V0221,DSCF2888_高品質 1080p HD.mp4,備後,木工・家具,手仕事・素材加工,21.021,,False,
V0222,DSCF2895_高品質 1080p HD.mp4,備後,木工・家具,人物・交流・体験,19.019,,False,
V0223,DSCF2900_高品質 1080p HD.mp4,備後,木工・家具,製品・手仕事,10.01,,False,
V0224,DSCF2901_高品質 1080p HD.mp4,備後,木工・家具,製品・手仕事,15.015,,False,
V0225,DSCF2902_高品質 1080p HD.mp4,備後,木工・家具,手仕事・製品,11.011,A,False,木製部品の接合部を手で確認。構造と精密さ
V0226,DSCF2909_高品質 1080p HD.mp4,備後,木工・家具,人物・製品・交流・体験,4.004,,False,
V0227,DSCF2911_高品質 1080p HD.mp4,備後,木工・家具,人物・製品・交流・体験,9.009,,False,
V0228,DSCF2920_高品質 1080p HD.mp4,備後,木工・家具,手仕事・素材加工,10.01,A,False,曲面の木材を紙状の道具で磨く手元。加工の触感
V0229,DSCF2936_高品質 1080p HD.mp4,備後,木工・家具,工場全景,15.015,,False,
V0230,DSCF2937_高品質 1080p HD.mp4,備後,木工・家具,工場全景,7.007,,False,
V0231,DSCF2940_高品質 1080p HD.mp4,備後,木工・家具,製品,25.025,B,False,完成した椅子の姿。工程から製品へつなぐ候補
V0232,DSCF2959_高品質 1080p HD.mp4,備後,業種要確認,交流・体験,22.022,,False,
V0233,DSCF2960_高品質 1080p HD.mp4,備後,業種要確認,交流・体験,12.012,,False,
V0234,DSCF2972_高品質 1080p HD.mp4,備後,業種要確認,人物・交流・体験,9.009,,False,
V0235,DSCF2973_高品質 1080p HD.mp4,備後,業種要確認,交流・体験,11.011,,False,
V0236,DSCF2974_高品質 1080p HD.mp4,備後,業種要確認,人物・交流・体験,9.009,,False,
V0237,DSCF2977_高品質 1080p HD.mp4,備後,業種要確認,交流・体験,21.021,,False,
V0238,DSCF2990_高品質 1080p HD.mp4,備後,業種要確認,交流・体験,5.005,,False,
V0239,DSCF2997_高品質 1080p HD.mp4,備後,業種要確認,人物・交流・体験,11.011,,False,
V0240,DSCF2998_高品質 1080p HD.mp4,備後,業種要確認,人物・交流・体験,12.012,,False,
V0241,DSCF2999_高品質 1080p HD.mp4,備後,業種要確認,交流・体験,23.023,,False,
V0242,DSCF3006_高品質 1080p HD.mp4,備後,業種要確認,人物・交流・体験,12.012,,False,
V0243,DSCF3007_高品質 1080p HD.mp4,備後,業種要確認,人物・交流・体験,5.005,,False,
V0244,DSCF3012_高品質 1080p HD.mp4,備後,業種要確認,人物・交流・体験,16.016,,False,
V0245,DSCF3018_高品質 1080p HD.mp4,備後,業種要確認,人物・交流・体験,9.009,,False,
V0246,DSCF3026_高品質 1080p HD.mp4,備後,業種要確認,交流・体験,7.007,,False,
V0247,DSCF3027_高品質 1080p HD.mp4,備後,業種要確認,資料,8.008,,False,
V0248,DSCF3028_高品質 1080p HD.mp4,備後,業種要確認,交流・体験,13.013,,False,
V0249,DSCF3029_高品質 1080p HD.mp4,備後,業種要確認,交流・体験,11.011,,False,
V0250,DSCF3036_高品質 1080p HD.mp4,備後,業種要確認,人物・交流・体験,8.008,,False,
V0251,DSCF3040_高品質 1080p HD.mp4,備後,業種要確認,人物・交流・体験,11.011,,False,
V0252,DSCF3045_高品質 1080p HD.mp4,備後,業種要確認,人物・交流・体験,9.009,,False,
V0253,DSCF3047_高品質 1080p HD.mp4,備後,業種要確認,交流・体験,15.015,,False,
V0254,DSCF3069_高品質 1080p HD.mp4,備後,業種要確認,人物・交流・体験,17.017,,False,
V0255,DSCF3070_高品質 1080p HD.mp4,備後,業種要確認,交流・体験,12.012,,False,
V0256,DSCF3071_高品質 1080p HD.mp4,備後,業種要確認,資料・交流・体験,27.027,,False,
V0257,DSCF3077_高品質 1080p HD.mp4,備後,業種要確認,交流・体験,13.013,,False,
V0258,DSCF3078_高品質 1080p HD.mp4,備後,業種要確認,人物・交流・体験,8.008,,False,
V0259,DSCF3079_高品質 1080p HD.mp4,備後,業種要確認,人物・交流・体験,11.011,,False,
V0260,DSCF3090_高品質 1080p HD.mp4,備後,業種要確認,交流・体験,6.006,B,False,参加者が拍手する交流の場面。人の関わりを添える補助候補
V0261,DSCF0524_高品質 1080p HD.mp4,備後,業種要確認,交流・体験,18.018,,False,
V0262,DSCF0525_高品質 1080p HD.mp4,備後,業種要確認,手仕事・交流・体験,22.022,,False,
V0263,DSCF0539_高品質 1080p HD.mp4,備後,木工・工芸,手仕事・素材加工,18.018,,False,
V0264,DSCF0540_高品質 1080p HD.mp4,備後,木工・工芸,手仕事・素材加工,50.05,A,False,箱状の木製部品に接着剤を塗る作業。製造工程の寄り
V0265,DSCF0549_高品質 1080p HD.mp4,備後,地域風景・告知（業種対象外）,地域風景,11.011,,False,
V0266,DSCF0570_高品質 1080p HD.mp4,備後,金属加工,機械・工場全景,17.017,A,False,稼働設備が並ぶ工場の広い画。工程の規模感
V0267,DSCF0585_高品質 1080p HD.mp4,備後,金属加工,手仕事・交流・体験,15.015,,False,
V0268,DSCF0586_高品質 1080p HD.mp4,備後,金属加工,手仕事・交流・体験,15.015,,False,
V0269,DSCF0674_高品質 1080p HD.mp4,備後,業種要確認,人物・交流・体験,11.011,,False,
V0270,DSCF0675_高品質 1080p HD.mp4,備後,業種要確認,人物・交流・体験,11.011,,False,
V0271,DSCF0680_高品質 1080p HD.mp4,備後,業種要確認,交流・体験,13.013,,False,
V0272,DSCF3109_高品質 1080p HD.mp4,備後,繊維・衣服,手仕事・交流・体験,27.027,,False,
V0273,DSCF3111_高品質 1080p HD.mp4,備後,繊維・衣服,人物・交流・体験,10.01,,False,
V0274,DSCF3117_高品質 1080p HD.mp4,備後,繊維・衣服,手仕事・交流・体験,11.011,,False,
V0275,DSCF3118_高品質 1080p HD.mp4,備後,繊維・衣服,人物・交流・体験,8.008,,False,
V0276,DSCF3119_高品質 1080p HD.mp4,備後,繊維・衣服,手仕事・交流・体験,31.031,B,False,布を道具で扱う手元。素材に触れる体験
V0277,DSCF3120_高品質 1080p HD.mp4,備後,繊維・衣服,製品・手仕事・交流・体験,13.013,B,False,布と完成形を扱う寄り。製品の質感
V0278,DSCF3121_高品質 1080p HD.mp4,備後,繊維・衣服,人物・交流・体験,5.005,,False,
V0279,DSCF3122_高品質 1080p HD.mp4,備後,繊維・衣服,製品・交流・体験,6.006,,False,
V0280,DSCF3133_高品質 1080p HD.mp4,備後,繊維・衣服,交流・体験,6.006,,False,
V0281,DSCF3139_高品質 1080p HD.mp4,備後,木工・工芸,機械・手仕事・素材加工,20.02,,False,
V0282,DSCF3147_高品質 1080p HD.mp4,備後,木工・工芸,工場全景・交流・体験,11.011,,False,
V0283,DSCF3157_高品質 1080p HD.mp4,備後,木工・工芸,製品・交流・体験,13.013,,False,
V0284,DSCF3158_高品質 1080p HD.mp4,備後,木工・工芸,機械・手仕事・素材加工,13.013,A,False,回転するように見える大きな円形研磨装置と木材。加工・機械音の候補
V0285,DSCF3171_高品質 1080p HD.mp4,備後,木工・工芸,人物・交流・体験,11.011,,False,
V0286,DSCF3172_高品質 1080p HD.mp4,備後,木工・工芸,手仕事・素材加工,9.009,,False,
V0287,DSCF3174_高品質 1080p HD.mp4,備後,木工・工芸,手仕事・製品,31.031,,False,
V0288,DSCF3175_高品質 1080p HD.mp4,備後,木工・工芸,手仕事・製品,11.011,A,False,木製容器のふたを扱う寄り。仕上がりの精密さ
V0289,DSCF3176_高品質 1080p HD.mp4,備後,木工・工芸,製品・手仕事,19.019,,False,
V0290,DSCF3185_高品質 1080p HD.mp4,備後,木工・工芸,人物・交流・体験,5.005,,False,
V0291,DSCF3190_高品質 1080p HD.mp4,備後,木工・工芸,人物・交流・体験,18.018,,False,
V0292,DSCF3197_高品質 1080p HD.mp4,備後,木工・工芸,機械・手仕事・素材加工,29.029,A,False,工具で木材の表面を加工。手と機械が同時に見える
V0293,DSCF3198_高品質 1080p HD.mp4,備後,木工・工芸,機械・手仕事・素材加工,9.009,,False,
V0294,DSCF3207_高品質 1080p HD.mp4,備後,木工・工芸,手仕事・製品,33.033,,False,
V0295,DSCF3214_高品質 1080p HD.mp4,備後,木工・工芸,手仕事・製品,10.01,,False,
V0296,DSCF3219_高品質 1080p HD.mp4,備後,木工・工芸,手仕事,6.006,,False,
V0297,DSCF3225_高品質 1080p HD.mp4,備後,木工・工芸,機械・手仕事・素材加工,17.017,A,False,木材を加工装置へ送る手元。素材が加工される工程
V0298,DSCF3226_高品質 1080p HD.mp4,備後,木工・工芸,手仕事・製品,38.038,,False,
V0299,DSCF3237_高品質 1080p HD.mp4,備後,地域風景・告知（業種対象外）,地域風景,11.011,,False,
V0300,DSCF3238_高品質 1080p HD.mp4,備後,地域風景・告知（業種対象外）,地域風景,6.006,,False,
V0301,DSCF3241_高品質 1080p HD.mp4,備後,地域風景・告知（業種対象外）,地域風景,7.007,,False,
V0302,DSCF3242_高品質 1080p HD.mp4,備後,地域風景・告知（業種対象外）,地域風景,7.007,,False,
V0303,DSCF3247_高品質 1080p HD.mp4,備後,地域風景・告知（業種対象外）,地域風景,14.014,,False,
V0304,DSCF3248_高品質 1080p HD.mp4,備後,地域風景・告知（業種対象外）,地域風景,16.016,,False,
V0305,DSCF3249_高品質 1080p HD.mp4,備後,地域風景・告知（業種対象外）,地域風景,6.006,,False,
V0306,DSCF3250_高品質 1080p HD.mp4,備後,地域風景・告知（業種対象外）,地域風景,21.021,,False,
V0307,DSCF3251_高品質 1080p HD.mp4,備後,地域風景・告知（業種対象外）,地域風景,22.022,,False,
V0308,DSCF3253_高品質 1080p HD.mp4,備後,地域風景・告知（業種対象外）,地域風景,5.005,,False,
V0309,DSCF3255_高品質 1080p HD.mp4,備後,地域風景・告知（業種対象外）,資料・地域風景,13.013,B,False,SFVの旗の寄り。イベント名が伝わる補助素材
V0310,DSCF3256_高品質 1080p HD.mp4,備後,地域風景・告知（業種対象外）,地域風景,7.007,,False,
V0311,DSCF3259_高品質 1080p HD.mp4,備後,地域風景・告知（業種対象外）,地域風景,7.007,,False,
V0312,DSCF3260_高品質 1080p HD.mp4,備後,地域風景・告知（業種対象外）,地域風景,8.008,,False,
V0313,DSCF3261_高品質 1080p HD.mp4,備後,地域風景・告知（業種対象外）,地域風景・人物,8.008,,False,
V0314,DSCF3270_高品質 1080p HD.mp4,備後,地域風景・告知（業種対象外）,地域風景,12.012,B,False,霧のある山と街の遠景。地域の空気感
V0315,DSCF3271_高品質 1080p HD.mp4,備後,地域風景・告知（業種対象外）,地域風景,20.02,,False,
V0316,DSCF3277_高品質 1080p HD.mp4,備後,地域風景・告知（業種対象外）,地域風景,8.008,,False,
V0317,DSCF3281_高品質 1080p HD.mp4,備後,金属加工,人物・交流・体験,9.009,,False,
V0318,DSCF3282_高品質 1080p HD.mp4,備後,金属加工,機械・交流・体験,10.01,,False,
V0319,DSCF3291_高品質 1080p HD.mp4,備後,金属加工,人物・交流・体験,9.009,,False,
V0320,DSCF3296_高品質 1080p HD.mp4,備後,金属加工,機械・素材加工,16.016,A,False,加工装置と板状素材の寄り。素材加工の主軸候補
V0321,DSCF3297_高品質 1080p HD.mp4,備後,金属加工,機械・素材加工,16.016,A,False,丸い部品が並ぶ加工装置の寄り。規則的な加工の候補
V0322,DSCF3303_高品質 1080p HD.mp4,備後,金属加工,製品・交流・体験,25.025,,False,
V0323,DSCF3308_高品質 1080p HD.mp4,備後,金属加工,機械・人物,4.004,,False,
V0324,DSCF3309_高品質 1080p HD.mp4,備後,金属加工,機械・人物・手仕事,24.024,A,False,ロボット状アームと箱を扱う作業。人と機械の連携
V0325,DSCF3310_高品質 1080p HD.mp4,備後,金属加工,機械,2.002,,False,
V0326,DSCF3311_高品質 1080p HD.mp4,備後,金属加工,機械・人物・手仕事,31.031,,False,
V0327,DSCF3327_高品質 1080p HD.mp4,備後,金属加工,機械・交流・体験,18.018,,False,
V0328,DSCF3328_高品質 1080p HD.mp4,備後,金属加工,機械・交流・体験,46.046,,False,
V0329,DSCF3330_高品質 1080p HD.mp4,備後,金属加工,機械・交流・体験,15.015,,False,
V0330,DSCF3331_高品質 1080p HD.mp4,備後,金属加工,機械・交流・体験,45.045,,False,
V0331,DSCF3336_高品質 1080p HD.mp4,備後,金属加工,機械・交流・体験,12.012,,False,
V0332,DSCF3340_高品質 1080p HD.mp4,備後,金属加工,機械・交流・体験,13.013,,False,
V0333,DSCF3341_高品質 1080p HD.mp4,備後,金属加工,製品・交流・体験,7.007,,False,
V0334,DSCF3349_高品質 1080p HD.mp4,備後,金属加工,機械・手仕事・交流・体験,16.016,,False,
V0335,DSCF3350_高品質 1080p HD.mp4,備後,金属加工,機械・手仕事・交流・体験,47.047,,False,
V0336,DSCF3356_高品質 1080p HD.mp4,備後,金属加工,機械・手仕事・交流・体験,47.047,A,False,金属部品と手元を近くで見せる工程。加工体験の寄り
V0337,DSCF3357_高品質 1080p HD.mp4,備後,金属加工,機械・手仕事・交流・体験,26.026,A,False,工具と金属部品を扱う参加者の手元。工具音は要試聴
V0338,DSCF3367_高品質 1080p HD.mp4,備後,金属加工,手仕事・交流・体験,9.009,,False,
V0339,DSCF3368_高品質 1080p HD.mp4,備後,金属加工,人物・交流・体験,7.007,,False,
V0340,DSCF3375_高品質 1080p HD.mp4,備後,金属加工,製品・人物・交流・体験,21.021,B,False,部品を手に持つ参加者の表情。加工体験の成果
V0341,DSCF3376_高品質 1080p HD.mp4,備後,金属加工,機械・工場全景,7.007,,False,
V0342,DSCF3386_高品質 1080p HD.mp4,備後,金属加工,機械・手仕事・交流・体験,33.033,,False,
V0343,DSCF3395_高品質 1080p HD.mp4,備後,金属加工,人物・交流・体験,13.013,,False,
V0344,DSCF3408_高品質 1080p HD.mp4,備後,業種要確認,工場全景・地域風景,3.003,,False,
V0345,DSCF3409_高品質 1080p HD.mp4,備後,業種要確認,工場全景・交流・体験,6.006,,False,
V0346,DSCF3410_高品質 1080p HD.mp4,備後,業種要確認,人物・交流・体験,12.012,,False,
V0347,DSCF3417_高品質 1080p HD.mp4,備後,靴・ゴム,製品・人物・交流・体験,35.035,,False,
V0348,DSCF3418_高品質 1080p HD.mp4,備後,靴・ゴム,製品・交流・体験,15.015,,False,
V0349,DSCF3429_高品質 1080p HD.mp4,備後,靴・ゴム,機械・素材加工,17.017,A,False,機械の下に置かれた塊状素材。加工の瞬間候補
V0350,DSCF3430_高品質 1080p HD.mp4,備後,靴・ゴム,手仕事・素材加工,5.005,A,False,塊状素材を職人が手で扱う寄り。素材と工程の質感
V0351,DSCF3433_高品質 1080p HD.mp4,備後,靴・ゴム,機械・素材加工,5.005,,False,
V0352,DSCF3434_高品質 1080p HD.mp4,備後,靴・ゴム,工場全景・交流・体験,6.006,,False,
V0353,DSCF3435_高品質 1080p HD.mp4,備後,靴・ゴム,製品・素材加工,9.009,,False,
V0354,DSCF3436_高品質 1080p HD.mp4,備後,靴・ゴム,製品・素材加工,9.009,,False,
V0355,DSCF3437_高品質 1080p HD.mp4,備後,靴・ゴム,製品・素材加工,11.011,,False,
V0356,DSCF3452_高品質 1080p HD.mp4,備後,靴・ゴム,製品・交流・体験,21.021,B,False,靴底状の部品を曲げる手元。素材の柔軟さ
V0357,DSCF3453_高品質 1080p HD.mp4,備後,靴・ゴム,製品・交流・体験,3.003,,False,
V0358,DSCF3455_高品質 1080p HD.mp4,備後,靴・ゴム,機械・手仕事・素材加工,22.022,,False,
V0359,DSCF3456_高品質 1080p HD.mp4,備後,靴・ゴム,機械・手仕事・素材加工,12.012,A,False,靴状の製品を装置に当てて加工する寄り。職人と機械音の候補
V0360,DSCF3463_高品質 1080p HD.mp4,備後,靴・ゴム,人物・交流・体験,19.019,,False,
V0361,DSCF3478_高品質 1080p HD.mp4,備後,靴・ゴム,手仕事・素材加工,35.035,A,False,靴状製品を工具と指先で仕上げる寄り。職人の手仕事
V0362,DSCF3479_高品質 1080p HD.mp4,備後,靴・ゴム,手仕事・製品,8.008,,False,
V0363,DSCF3480_高品質 1080p HD.mp4,備後,靴・ゴム,手仕事・素材加工,10.01,,False,
V0364,DSCF3481_高品質 1080p HD.mp4,備後,靴・ゴム,手仕事・素材加工,52.052,,False,
V0365,DSCF3492_高品質 1080p HD.mp4,備後,靴・ゴム,製品・素材加工,11.011,,False,
V0366,DSCF3493_高品質 1080p HD.mp4,備後,靴・ゴム,機械・素材加工,117.117,A,False,大型円形装置の扉を扱う工程。工場の規模と動作
V0367,DSCF3496_高品質 1080p HD.mp4,備後,靴・ゴム,機械・製品・素材加工,34.034,A,False,靴状の製品が並ぶラックを大型装置へ入れる工程
V0368,DSCF3504_高品質 1080p HD.mp4,備後,靴・ゴム,工場全景・素材加工,15.015,,False,
V0369,DSCF3528_高品質 1080p HD.mp4,備後,革小物,手仕事・交流・体験,9.009,,False,
V0370,DSCF3531_高品質 1080p HD.mp4,備後,革小物,機械・手仕事・交流・体験,7.007,A,False,革状素材を小型プレスに当てる手元。加工体験の候補
V0371,DSCF3532_高品質 1080p HD.mp4,備後,革小物,手仕事・交流・体験,65.065,,False,
V0372,DSCF3533_高品質 1080p HD.mp4,備後,革小物,機械・手仕事・交流・体験,18.018,,False,
V0373,DSCF3534_高品質 1080p HD.mp4,備後,革小物,機械・手仕事・交流・体験,23.023,,False,
V0374,DSCF3535_高品質 1080p HD.mp4,備後,革小物,機械・手仕事・交流・体験,17.017,,False,
V0375,DSCF3536_高品質 1080p HD.mp4,備後,革小物,製品・交流・体験,11.011,B,False,小さな革状製品の完成形を見せる場面。体験の成果
V0376,DSCF3537_高品質 1080p HD.mp4,備後,革小物,製品・交流・体験,5.005,,False,
V0377,DSCF3538_高品質 1080p HD.mp4,備後,革小物,機械・手仕事・交流・体験,4.004,,False,
V0378,DSCF3665_高品質 1080p HD.mp4,備後,業種要確認,交流・体験,7.007,,False,
V0379,DSCF3666_高品質 1080p HD.mp4,備後,業種要確認,製品,15.015,,False,
V0380,DSCF3667_高品質 1080p HD.mp4,備後,業種要確認,交流・体験,31.031,,False,
V0381,DSCF3668_高品質 1080p HD.mp4,備後,業種要確認,交流・体験,14.014,,False,
V0382,DSCF3702_高品質 1080p HD.mp4,備後,業種要確認,人物・交流・体験,13.013,,False,
V0383,DSCF3704_高品質 1080p HD.mp4,備後,業種要確認,人物・交流・体験,19.019,,False,
V0384,DSCF0737_高品質 1080p HD.mp4,備後,繊維・衣服,手仕事・素材加工・交流・体験,14.014,,False,
V0385,DSCF0738_高品質 1080p HD.mp4,備後,繊維・衣服,交流・体験,12.012,,False,
V0386,DSCF0739_高品質 1080p HD.mp4,備後,繊維・衣服,機械・素材加工・交流・体験,36.036,A,False,大きな台で布状素材を加工する工程。素材加工の候補
V0387,DSCF0825_高品質 1080p HD.mp4,備後,資源循環,工場全景・交流・体験,47.047,,False,
V0388,DSCF0826_高品質 1080p HD.mp4,備後,資源循環,工場全景・交流・体験,3.003,,False,
V0389,DSCF0871_高品質 1080p HD.mp4,備後,地域風景・告知（業種対象外）,地域風景,7.007,,False,
V0390,DSCF0872_高品質 1080p HD.mp4,備後,地域風景・告知（業種対象外）,地域風景,11.011,,False,
V0391,DSCF0874_高品質 1080p HD.mp4,備後,地域風景・告知（業種対象外）,地域風景,28.028,,False,
V0392,DSCF0878_高品質 1080p HD.mp4,備後,地域風景・告知（業種対象外）,地域風景,15.015,,False,
V0393,DSCF0882_高品質 1080p HD.mp4,備後,地域風景・告知（業種対象外）,地域風景,9.009,,False,
V0394,DSCF0896_高品質 1080p HD.mp4,備後,繊維・縫製,人物・交流・体験,14.014,,False,
V0395,DSCF0897_高品質 1080p HD.mp4,備後,繊維・縫製,人物・交流・体験,11.011,,False,
V0396,DSCF0902_高品質 1080p HD.mp4,備後,繊維・縫製,機械・素材加工・交流・体験,8.008,,False,
V0397,DSCF0903_高品質 1080p HD.mp4,備後,繊維・縫製,機械・素材加工,10.01,A,False,多数の加工ヘッドが並ぶ装置。反復動作・作業音は要確認
V0398,DSCF0913_高品質 1080p HD.mp4,備後,繊維・縫製,製品,5.005,B,False,色見本と布状の完成品。色・質感
V0399,DSCF0914_高品質 1080p HD.mp4,備後,繊維・縫製,製品,5.005,,False,
V0400,DSCF0926_高品質 1080p HD.mp4,備後,業種要確認,交流・体験,5.005,,False,
V0401,DSCF0945_高品質 1080p HD.mp4,備後,業種要確認,人物・交流・体験,2.002,,False,
V0402,DSCF0965_高品質 1080p HD.mp4,備後,業種要確認,交流・体験,11.011,,False,
V0403,DSCF3708_高品質 1080p HD.mp4,備後,地域風景・告知（業種対象外）,地域風景,22.022,,False,
V0404,DSCF3712_高品質 1080p HD.mp4,備後,地域風景・告知（業種対象外）,地域風景,5.005,,False,
V0405,DSCF3716_高品質 1080p HD.mp4,備後,地域風景・告知（業種対象外）,地域風景,17.017,,False,
V0406,DSCF3717_高品質 1080p HD.mp4,備後,地域風景・告知（業種対象外）,地域風景,6.006,B,False,水が落ちる地域風景。環境音は要試聴
V0407,DSCF3718_高品質 1080p HD.mp4,備後,地域風景・告知（業種対象外）,地域風景,9.009,,False,
V0408,DSCF3719_高品質 1080p HD.mp4,備後,地域風景・告知（業種対象外）,地域風景,23.023,,False,
V0409,DSCF3724_高品質 1080p HD.mp4,備後,地域風景・告知（業種対象外）,地域風景,27.027,,False,
V0410,DSCF3726_高品質 1080p HD.mp4,備後,業種要確認,人物・交流・体験,14.014,,False,
V0411,DSCF3727_高品質 1080p HD.mp4,備後,業種要確認,人物・交流・体験,11.011,,False,
V0412,DSCF3728_高品質 1080p HD.mp4,備後,業種要確認,人物・交流・体験,6.006,,False,
V0413,DSCF3732_高品質 1080p HD.mp4,備後,業種要確認,交流・体験,10.01,,False,
V0414,DSCF3736_高品質 1080p HD.mp4,備後,地域風景・告知（業種対象外）,資料・地域風景,7.007,,False,
V0415,DSCF3742_高品質 1080p HD.mp4,備後,繊維・衣服,製品・人物・交流・体験,14.014,,False,
V0416,DSCF3743_高品質 1080p HD.mp4,備後,繊維・衣服,資料・交流・体験,11.011,,False,
V0417,DSCF3745_高品質 1080p HD.mp4,備後,繊維・衣服,資料・交流・体験,19.019,,False,
V0418,DSCF3746_高品質 1080p HD.mp4,備後,繊維・衣服,資料・交流・体験,17.017,,False,
V0419,DSCF3752_高品質 1080p HD.mp4,備後,繊維・衣服,資料・交流・体験,20.02,,False,
V0420,DSCF3754_高品質 1080p HD.mp4,備後,繊維・衣服,資料・製品・交流・体験,23.023,B,False,服のデザイン画面。設計から製造へつなぐ補助候補
V0421,DSCF3757_高品質 1080p HD.mp4,備後,繊維・衣服,資料・交流・体験,12.012,,False,
V0422,DSCF3760_高品質 1080p HD.mp4,備後,繊維・衣服,資料・交流・体験,7.007,,False,
V0423,DSCF3762_高品質 1080p HD.mp4,備後,繊維・衣服,交流・体験,9.009,,False,
V0424,DSCF3764_高品質 1080p HD.mp4,備後,繊維・衣服,機械・交流・体験,20.02,,False,
V0425,DSCF3765_高品質 1080p HD.mp4,備後,繊維・衣服,機械・手仕事・交流・体験,12.012,,False,
V0426,DSCF3767_高品質 1080p HD.mp4,備後,繊維・衣服,機械・交流・体験,10.01,,False,
V0427,DSCF3771_高品質 1080p HD.mp4,備後,繊維・衣服,機械・交流・体験,15.015,,False,
V0428,DSCF3772_高品質 1080p HD.mp4,備後,繊維・衣服,機械・素材加工・交流・体験,31.031,,False,
V0429,DSCF3773_高品質 1080p HD.mp4,備後,繊維・衣服,機械・素材加工,13.013,,False,
V0430,DSCF3774_高品質 1080p HD.mp4,備後,繊維・衣服,交流・体験,6.006,,False,
V0431,DSCF3777_高品質 1080p HD.mp4,備後,繊維・衣服,機械・素材加工,12.012,A,False,布状素材を加工する装置ヘッドの寄り。機械音は要試聴
V0432,DSCF3778_高品質 1080p HD.mp4,備後,繊維・衣服,機械・素材加工・交流・体験,9.009,,False,
V0433,DSCF3792_高品質 1080p HD.mp4,備後,繊維・衣服,機械・手仕事・素材加工,13.013,A,True,布を送る手元と縫製機械。手仕事と加工の主軸
V0434,DSCF3797_高品質 1080p HD.mp4,備後,繊維・衣服,人物・機械・手仕事,7.007,,False,
V0435,DSCF3803_高品質 1080p HD.mp4,備後,業種要確認,交流・体験,14.014,,False,
V0436,DSCF3804_高品質 1080p HD.mp4,備後,業種要確認,人物・交流・体験,13.013,,False,
V0437,DSCF3807_高品質 1080p HD.mp4,備後,業種要確認,手仕事・交流・体験,30.03,,False,
V0438,DSCF3808_高品質 1080p HD.mp4,備後,繊維・縫製,機械・工場全景,7.007,A,False,装置と作業者が並ぶ縫製工場。規模感
V0439,DSCF3809_高品質 1080p HD.mp4,備後,繊維・縫製,交流・体験,17.017,,False,
V0440,DSCF3811_高品質 1080p HD.mp4,備後,繊維・縫製,人物・交流・体験,33.033,,False,
V0441,DSCF3815_高品質 1080p HD.mp4,備後,繊維・縫製,人物・機械・交流・体験,11.011,,False,
V0442,DSCF3816_高品質 1080p HD.mp4,備後,業種要確認,工場全景・交流・体験,15.015,,False,
V0443,DSCF3824_高品質 1080p HD.mp4,備後,業種要確認,工場全景・交流・体験,16.016,,False,
V0444,DSCF3825_高品質 1080p HD.mp4,備後,業種要確認,工場全景・交流・体験,3.003,,False,
V0445,DSCF3840_高品質 1080p HD.mp4,備後,革小物,機械・手仕事・交流・体験,13.013,,False,
V0446,DSCF3841_高品質 1080p HD.mp4,備後,革小物,機械・手仕事・交流・体験,18.018,A,False,小型プレスと素材を押さえる手元。加工体験
V0447,DSCF3848_高品質 1080p HD.mp4,備後,革小物,手仕事・交流・体験,18.018,,False,
V0448,DSCF3855_高品質 1080p HD.mp4,備後,革小物,手仕事・素材加工・交流・体験,27.027,B,False,型紙を押さえ素材へ線を付ける手元
V0449,DSCF3856_高品質 1080p HD.mp4,備後,革小物,機械・手仕事・交流・体験,19.019,,False,
V0450,DSCF3860_高品質 1080p HD.mp4,備後,革小物,手仕事・素材加工,21.021,,False,
V0451,DSCF3861_高品質 1080p HD.mp4,備後,革小物,人物・手仕事・素材加工,14.014,,False,
V0452,DSCF3874_高品質 1080p HD.mp4,備後,革小物,手仕事・素材加工,16.016,A,False,革状素材をはさみで切る寄り。素材が形になる瞬間
V0453,DSCF3875_高品質 1080p HD.mp4,備後,革小物,交流・体験,9.009,,False,
V0454,DSCF3876_高品質 1080p HD.mp4,備後,革小物,製品,5.005,,False,
V0455,DSCF3882_高品質 1080p HD.mp4,備後,革小物,製品・交流・体験,16.016,B,False,完成した小物を手に見せる参加者
V0456,DSCF3883_高品質 1080p HD.mp4,備後,革小物,製品・交流・体験,10.01,,False,
V0457,DSCF3891_高品質 1080p HD.mp4,備後,革小物,手仕事・交流・体験,19.019,,False,
V0458,DSCF3899_高品質 1080p HD.mp4,備後,繊維素材,製品・交流・体験,17.017,,False,
V0459,DSCF3906_高品質 1080p HD.mp4,備後,繊維素材,製品・交流・体験,35.035,,False,
V0460,DSCF3912_高品質 1080p HD.mp4,備後,繊維素材,製品・交流・体験,7.007,B,False,色と柄の異なる布見本。素材の質感
V0461,DSCF3913_高品質 1080p HD.mp4,備後,装飾・工芸体験,手仕事・交流・体験,20.02,,False,
V0462,DSCF3926_高品質 1080p HD.mp4,備後,装飾・工芸体験,手仕事・交流・体験,5.005,,False,
V0463,DSCF3927_高品質 1080p HD.mp4,備後,装飾・工芸体験,手仕事・交流・体験,9.009,,False,
V0464,DSCF3928_高品質 1080p HD.mp4,備後,装飾・工芸体験,手仕事・交流・体験,9.009,,False,
V0465,DSCF3936_高品質 1080p HD.mp4,備後,装飾・工芸体験,手仕事・交流・体験,11.011,,False,
V0466,DSCF3937_高品質 1080p HD.mp4,備後,装飾・工芸体験,手仕事・交流・体験,17.017,,False,
V0467,DSCF3940_高品質 1080p HD.mp4,備後,装飾・工芸体験,手仕事・交流・体験,3.003,,False,
V0468,DSCF3941_高品質 1080p HD.mp4,備後,装飾・工芸体験,手仕事・交流・体験,7.007,,False,
V0469,DSCF3955_高品質 1080p HD.mp4,備後,業種要確認,交流・体験,8.008,,False,
V0470,DSCF3974_高品質 1080p HD.mp4,備後,木工・家具,製品・交流・体験,7.007,,False,
V0471,DSCF3975_高品質 1080p HD.mp4,備後,木工体験,手仕事・交流・体験,6.006,,False,
V0472,DSCF3976_高品質 1080p HD.mp4,備後,木工体験,製品・手仕事・交流・体験,9.009,B,False,木製ブロックを積む手元。素材に触れる体験
V0473,DSCF3984_高品質 1080p HD.mp4,備後,業種要確認,交流・体験,16.016,,False,
V0474,DSCF3985_高品質 1080p HD.mp4,備後,木工・家具,人物・製品・交流・体験,12.012,,False,
V0475,DSCF3989_高品質 1080p HD.mp4,備後,木工・家具,人物・製品・交流・体験,10.01,,False,
V0476,DSCF3990_高品質 1080p HD.mp4,備後,木工・家具,人物・交流・体験,11.011,,False,
V0477,DSCF3991_高品質 1080p HD.mp4,備後,木工・家具,人物・交流・体験,11.011,,False,
V0478,DSCF3995_高品質 1080p HD.mp4,備後,業種要確認,資料・人物,16.016,,False,
V0479,DSCF3996_高品質 1080p HD.mp4,備後,業種要確認,手仕事・交流・体験,13.013,,False,
V0480,DSCF4009_高品質 1080p HD.mp4,備後,業種要確認,人物・交流・体験,7.007,B,False,参加者の楽しそうな表情
V0481,DSCF4011_高品質 1080p HD.mp4,備後,業種要確認,手仕事・交流・体験,7.007,,False,
V0482,DSCF4015_高品質 1080p HD.mp4,備後,業種要確認,人物・交流・体験,11.011,,False,
V0483,DSCF4016_高品質 1080p HD.mp4,備後,業種要確認,人物・交流・体験,5.005,,False,
V0484,DSCF4020_高品質 1080p HD.mp4,備後,業種要確認,手仕事・交流・体験,9.009,,False,
V0485,DSCF4021_高品質 1080p HD.mp4,備後,業種要確認,手仕事・交流・体験,10.01,,False,
V0486,DSCF4022_高品質 1080p HD.mp4,備後,木工体験,手仕事・素材加工・交流・体験,39.039,,False,
V0487,DSCF4023_高品質 1080p HD.mp4,備後,業種要確認,人物・交流・体験,11.011,,False,
V0488,DSCF4028_高品質 1080p HD.mp4,備後,業種要確認,製品・交流・体験,9.009,,False,
V0489,DSCF4029_高品質 1080p HD.mp4,備後,資源循環,機械・交流・体験,5.005,,False,
V0490,DSCF4030_高品質 1080p HD.mp4,備後,資源循環,機械・交流・体験,36.036,,False,
V0491,DSCF4033_高品質 1080p HD.mp4,備後,資源循環,機械・素材加工・交流・体験,41.041,A,True,大型装置が塊状素材を扱う工程。工場の迫力
V0492,DSCF4034_高品質 1080p HD.mp4,備後,資源循環,機械・素材加工,7.007,,False,
V0493,DSCF4035_高品質 1080p HD.mp4,備後,資源循環,機械・交流・体験,34.034,,False,
V0494,DSCF4036_高品質 1080p HD.mp4,備後,資源循環,機械・交流・体験,5.005,,False,
V0495,DSCF4037_高品質 1080p HD.mp4,備後,資源循環,機械・素材加工,9.009,,False,
V0496,DSCF4038_高品質 1080p HD.mp4,備後,資源循環,機械・素材加工,3.003,,False,
V0497,DSCF4039_高品質 1080p HD.mp4,備後,資源循環,機械・素材加工,16.016,A,False,重機が素材を持ち上げ容器に入れる工程。大きな動作
V0498,DSCF4040_高品質 1080p HD.mp4,備後,資源循環,人物・交流・体験,7.007,,False,
V0499,DSCF4041_高品質 1080p HD.mp4,備後,資源循環,工場全景・交流・体験,29.029,,False,
V0500,DSCF4042_高品質 1080p HD.mp4,備後,資源循環,機械・素材加工,37.037,A,False,車両の後部装置の動作。環境音は要試聴
V0501,DSCF4043_高品質 1080p HD.mp4,備後,資源循環,機械・素材加工,5.005,A,False,ベルト状装置で素材を搬送。反復動作
V0502,DSCF4047_高品質 1080p HD.mp4,備後,資源循環,交流・体験,19.019,,False,
V0503,DSCF4048_高品質 1080p HD.mp4,備後,資源循環,製品・交流・体験,20.02,B,False,大きな塊を見学者が触る場面。素材の量感
V0504,DSCF4049_高品質 1080p HD.mp4,備後,資源循環,工場全景・交流・体験,5.005,,False,
V0505,DSCF4050_高品質 1080p HD.mp4,備後,地域風景・告知（業種対象外）,資料・地域風景,4.004,,False,
V0506,DSCF4059_高品質 1080p HD.mp4,備後,業種要確認,人物・交流・体験,23.023,,False,
V0507,DSCF4060_高品質 1080p HD.mp4,備後,業種要確認,手仕事・交流・体験,15.015,,False,
V0508,DSCF4061_高品質 1080p HD.mp4,備後,業種要確認,手仕事・交流・体験,11.011,,False,
V0509,DSCF4062_高品質 1080p HD.mp4,備後,業種要確認,手仕事・交流・体験,14.014,,False,
V0510,DSCF4066_高品質 1080p HD.mp4,備後,業種要確認,手仕事・交流・体験,6.006,,False,
V0511,DSCF4067_高品質 1080p HD.mp4,備後,業種要確認,手仕事・交流・体験,10.01,,False,
V0512,DSCF4073_高品質 1080p HD.mp4,備後,業種要確認,手仕事・交流・体験,15.015,,False,
V0513,DSCF4074_高品質 1080p HD.mp4,備後,業種要確認,手仕事・交流・体験,19.019,,False,
V0514,DSCF4075_高品質 1080p HD.mp4,備後,業種要確認,人物・交流・体験,15.015,,False,
V0515,DSCF4080_高品質 1080p HD.mp4,備後,業種要確認,人物・交流・体験,6.006,,False,
V0516,DSCF4081_高品質 1080p HD.mp4,備後,業種要確認,手仕事・交流・体験,7.007,,False,
V0517,DSCF4089_高品質 1080p HD.mp4,備後,業種要確認,手仕事・交流・体験,10.01,,False,
V0518,DSCF4090_高品質 1080p HD.mp4,備後,業種要確認,交流・体験,13.013,,False,
V0519,DSCF4091_高品質 1080p HD.mp4,備後,業種要確認,手仕事・交流・体験,28.028,,False,
V0520,DSCF4095_高品質 1080p HD.mp4,備後,業種要確認,手仕事・交流・体験,14.014,B,False,色素材を組む手元と参加者
V0521,DSCF4096_高品質 1080p HD.mp4,備後,業種要確認,人物・交流・体験,18.018,,False,
V0522,DSCF4111_高品質 1080p HD.mp4,備後,業種要確認,人物・交流・体験,8.008,,False,
V0523,DSCF4118_高品質 1080p HD.mp4,備後,業種要確認,人物・交流・体験,12.012,,False,
V0524,DSCF4121_高品質 1080p HD.mp4,備後,業種要確認,工場全景・交流・体験,19.019,,False,
V0525,DSCF4122_高品質 1080p HD.mp4,備後,金属加工,機械・素材加工,19.019,,False,
V0526,DSCF4125_高品質 1080p HD.mp4,備後,金属加工,機械・素材加工,41.041,A,True,加工工具と液体がかかる素材。加工の瞬間
V0527,DSCF4126_高品質 1080p HD.mp4,備後,金属加工,機械・素材加工,18.018,,False,
V0528,DSCF4140_高品質 1080p HD.mp4,備後,地域風景・告知（業種対象外）,地域風景,11.011,,False,
V0529,DSCF4141_高品質 1080p HD.mp4,備後,地域風景・告知（業種対象外）,地域風景,21.021,,False,
V0530,DSCF4142_高品質 1080p HD.mp4,備後,地域風景・告知（業種対象外）,地域風景,17.017,,False,
V0531,DSCF4143_高品質 1080p HD.mp4,備後,地域風景・告知（業種対象外）,地域風景,17.017,,False,
V0532,DSCF4159_高品質 1080p HD.mp4,備後,地域風景・告知（業種対象外）,地域風景,14.014,,False,
V0533,DSCF4160_高品質 1080p HD.mp4,備後,地域風景・告知（業種対象外）,地域風景,16.016,,False,
V0534,DSCF4167_高品質 1080p HD.mp4,備後,繊維・縫製,人物・交流・体験,12.012,,False,
V0535,DSCF4177_高品質 1080p HD.mp4,備後,繊維・縫製,製品・交流・体験,8.008,,False,
V0536,DSCF4178_高品質 1080p HD.mp4,備後,繊維・縫製,製品・交流・体験,12.012,,False,
V0537,DSCF4179_高品質 1080p HD.mp4,備後,繊維・縫製,製品・交流・体験,9.009,,False,
V0538,DSCF4185_高品質 1080p HD.mp4,備後,繊維・縫製,機械・素材加工・交流・体験,9.009,,False,
V0539,DSCF4190_高品質 1080p HD.mp4,備後,繊維・縫製,機械・素材加工・交流・体験,23.023,,False,
V0540,DSCF4191_高品質 1080p HD.mp4,備後,繊維・縫製,機械・手仕事・素材加工・交流・体験,40.04,A,False,布状素材と細かな加工ヘッド。機械加工
V0541,DSCF4192_高品質 1080p HD.mp4,備後,繊維・縫製,機械・素材加工,16.016,,False,
V0542,DSCF4193_高品質 1080p HD.mp4,備後,繊維・縫製,機械・素材加工,11.011,A,False,布状素材に並ぶ加工ヘッドの寄り。加工の規則性と機械音候補
V0543,DSCF4194_高品質 1080p HD.mp4,備後,繊維・縫製,機械・素材加工,8.008,,False,
V0544,DSCF4207_高品質 1080p HD.mp4,備後,繊維・縫製,人物・製品・交流・体験,19.019,B,False,完成品を持った参加者の笑顔。体験の成果
V0545,DSCF4208_高品質 1080p HD.mp4,備後,繊維・縫製,製品・交流・体験,19.019,,False,
V0546,DSCF4211_高品質 1080p HD.mp4,備後,繊維・縫製,機械・工場全景・交流・体験,29.029,,False,
V0547,DSCF4220_高品質 1080p HD.mp4,備後,繊維・縫製,機械・製品・交流・体験,15.015,,False,
V0548,DSCF4221_高品質 1080p HD.mp4,備後,業種要確認,人物・交流・体験,19.019,,False,
V0549,DSCF4235_高品質 1080p HD.mp4,備後,業種要確認,人物・交流・体験,11.011,,False,
V0550,DSCF4236_高品質 1080p HD.mp4,備後,業種要確認,交流・体験,9.009,,False,
V0551,DSCF4249_高品質 1080p HD.mp4,備後,業種要確認,人物・交流・体験,8.008,,False,
V0552,DSCF4258_高品質 1080p HD.mp4,備後,業種要確認,交流・体験,16.016,,False,
V0553,DSCF4259_高品質 1080p HD.mp4,備後,業種要確認,人物・交流・体験,8.008,,False,
V0554,DSCF4272_高品質 1080p HD.mp4,備後,業種要確認,資料・交流・体験,11.011,,False,
V0555,DSCF4273_高品質 1080p HD.mp4,備後,業種要確認,人物・交流・体験,16.016,,False,
V0556,DSCF4298_高品質 1080p HD.mp4,備後,業種要確認,資料・交流・体験,21.021,,False,
V0557,DSCF4299_高品質 1080p HD.mp4,備後,業種要確認,資料・交流・体験,10.01,,False,
V0558,DSCF4323_高品質 1080p HD.mp4,備後,業種要確認,人物・交流・体験,11.011,,False,
V0559,DSCF4324_高品質 1080p HD.mp4,備後,業種要確認,人物・交流・体験,10.01,,False,
V0560,DSCF4329_高品質 1080p HD.mp4,備後,業種要確認,人物・交流・体験,7.007,,False,
V0561,DSCF4338_高品質 1080p HD.mp4,備後,業種要確認,人物・交流・体験,14.014,,False,
V0562,DSCF4339_高品質 1080p HD.mp4,備後,業種要確認,人物・交流・体験,13.013,,False,
V0563,DSCF4341_高品質 1080p HD.mp4,備後,業種要確認,交流・体験,17.017,,False,
V0564,DSCF4348_高品質 1080p HD.mp4,備後,業種要確認,人物・交流・体験,9.009,,False,
V0565,DSCF4350_高品質 1080p HD.mp4,備後,業種要確認,交流・体験,11.011,,False,
V0566,DSCF4351_高品質 1080p HD.mp4,備後,業種要確認,人物・交流・体験,19.019,,False,
V0567,DSCF4352_高品質 1080p HD.mp4,備後,業種要確認,人物・交流・体験,11.011,,False,
V0568,DSCF4356_高品質 1080p HD.mp4,備後,業種要確認,交流・体験,16.016,,False,
V0569,DSCF4357_高品質 1080p HD.mp4,備後,業種要確認,人物・交流・体験,9.009,,False,
V0570,DSCF4368_高品質 1080p HD.mp4,備後,業種要確認,交流・体験,16.016,,False,
V0571,DSCF4376_高品質 1080p HD.mp4,備後,業種要確認,人物・交流・体験,6.006,,False,
V0572,DSCF4386_高品質 1080p HD.mp4,備後,業種要確認,人物・手仕事・交流・体験,8.008,,False,
V0573,DSCF4387_高品質 1080p HD.mp4,備後,業種要確認,人物・交流・体験,6.006,,False,
V0574,DSCF4388_高品質 1080p HD.mp4,備後,業種要確認,交流・体験,8.008,,False,
V0575,DSCF4392_高品質 1080p HD.mp4,備後,業種要確認,人物・交流・体験,7.007,,False,
V0576,DSCF4394_高品質 1080p HD.mp4,備後,業種要確認,人物・交流・体験,11.011,,False,
V0577,DSCF4397_高品質 1080p HD.mp4,備後,業種要確認,人物・交流・体験,23.023,,False,
V0578,DSCF4398_高品質 1080p HD.mp4,備後,業種要確認,交流・体験,28.028,,False,
V0579,DSCF4402_高品質 1080p HD.mp4,備後,業種要確認,交流・体験,3.003,,False,
V0580,DSCF4403_高品質 1080p HD.mp4,備後,業種要確認,人物・交流・体験,34.034,B,False,来場者が交流する場面。地域のつながりを添える補助候補
V0581,DSCF4404_高品質 1080p HD.mp4,備後,業種要確認,人物・交流・体験,16.016,,False,
V0582,DSCF1028_高品質 1080p HD.mp4,備後,地域風景・告知（業種対象外）,地域風景・工場全景,18.018,,False,
V0583,DSCF1033_高品質 1080p HD.mp4,備後,地域風景・告知（業種対象外）,地域風景・工場全景,15.015,,False,
V0584,DSCF1084_高品質 1080p HD.mp4,備後,業種要確認,手仕事・交流・体験,26.026,,False,
V0585,DSCF1200_高品質 1080p HD.mp4,備後,繊維・織物,機械・工場全景・交流・体験,11.011,,False,
V0586,DSCF1201_高品質 1080p HD.mp4,備後,繊維・織物,機械・工場全景・交流・体験,28.028,,False,
V0587,DSCF1208_高品質 1080p HD.mp4,備後,繊維・織物,機械・素材加工,14.014,,False,
V0588,DSCF1209_高品質 1080p HD.mp4,備後,繊維・織物,機械・工場全景,8.008,,False,
V0589,DSCF1213_高品質 1080p HD.mp4,備後,繊維・織物,機械・素材加工,7.007,A,False,細かな糸状素材を扱う装置の寄り。素材の密度と反復動作
V0590,DSCF1214_高品質 1080p HD.mp4,備後,繊維・織物,機械・素材加工,6.006,,False,
V0591,DSCF4414_高品質 1080p HD.mp4,備後,木工・家具,人物・交流・体験,15.015,,False,
V0592,DSCF4422_高品質 1080p HD.mp4,備後,木工・家具,手仕事・製品・交流・体験,7.007,,False,
V0593,DSCF4426_高品質 1080p HD.mp4,備後,木工・家具,機械・手仕事・交流・体験,6.006,,False,
V0594,DSCF4444_高品質 1080p HD.mp4,備後,木工・家具,人物・製品・交流・体験,15.015,,False,
V0595,DSCF4452_高品質 1080p HD.mp4,備後,木工・家具,手仕事・製品・交流・体験,6.006,,False,
V0596,DSCF4458_高品質 1080p HD.mp4,備後,木工・家具,機械・素材加工,10.01,,False,
V0597,DSCF4461_高品質 1080p HD.mp4,備後,木工・家具,機械・手仕事・交流・体験,4.004,A,False,木材を加工機に当てる参加者の手元。加工体験
V0598,DSCF4462_高品質 1080p HD.mp4,備後,木工・家具,機械・手仕事・交流・体験,26.026,,False,
V0599,DSCF4468_高品質 1080p HD.mp4,備後,木工・家具,手仕事・交流・体験,30.03,,False,
V0600,DSCF4469_高品質 1080p HD.mp4,備後,木工・家具,製品・交流・体験,7.007,B,False,組み立てた木製容器の完成形を見せる場面
V0601,DSCF4470_高品質 1080p HD.mp4,備後,木工・家具,機械・手仕事・交流・体験,14.014,,False,
V0602,DSCF4471_高品質 1080p HD.mp4,備後,木工・家具,製品・交流・体験,16.016,,False,
V0603,DSCF4472_高品質 1080p HD.mp4,備後,木工・家具,機械・手仕事・交流・体験,15.015,,False,
V0604,DSCF4478_高品質 1080p HD.mp4,備後,木工・家具,製品・交流・体験,7.007,,False,
V0605,DSCF4489_高品質 1080p HD.mp4,備後,木工・家具,人物・交流・体験,7.007,,False,
V0606,DSCF4494_高品質 1080p HD.mp4,備後,木工・家具,工場全景・交流・体験,9.009,,False,
V0607,DSCF4502_高品質 1080p HD.mp4,備後,木工・家具,製品・人物・交流・体験,8.008,,False,
V0608,DSCF4513_高品質 1080p HD.mp4,備後,木工・家具,機械・交流・体験,9.009,,False,
V0609,DSCF4515_高品質 1080p HD.mp4,備後,木工・家具,機械・資料,4.004,,False,
V0610,DSCF4519_高品質 1080p HD.mp4,備後,木工・家具,機械・手仕事・交流・体験,7.007,,False,
V0611,DSCF4521_高品質 1080p HD.mp4,備後,木工・家具,機械・素材加工,19.019,A,False,淡色素材を工具で加工する装置の寄り。加工の主軸候補
V0612,DSCF4522_高品質 1080p HD.mp4,備後,木工・家具,手仕事・製品,32.032,,False,
V0613,DSCF4523_高品質 1080p HD.mp4,備後,木工・家具,手仕事・製品,19.019,,False,
V0614,DSCF4535_高品質 1080p HD.mp4,備後,木工・家具,手仕事・素材加工,6.006,,False,
V0615,DSCF4540_高品質 1080p HD.mp4,備後,木工・家具,手仕事・素材加工,19.019,A,False,木材の曲面を道具で仕上げる手元。職人の手仕事
V0616,DSCF4541_高品質 1080p HD.mp4,備後,木工・家具,手仕事・素材加工,14.014,,False,
V0617,DSCF4550_高品質 1080p HD.mp4,備後,業種要確認,機械・工場全景,8.008,,False,
V0618,DSCF4551_高品質 1080p HD.mp4,備後,車両・内装,製品・交流・体験,8.008,B,False,木を使った車内状の空間。製品・内装を伝える補助候補
V0619,DSCF4552_高品質 1080p HD.mp4,備後,車両・内装,製品・手仕事・交流・体験,7.007,,False,
V0620,DSCF4553_高品質 1080p HD.mp4,備後,車両・内装,人物・交流・体験,6.006,,False,
V0621,DSCF4554_高品質 1080p HD.mp4,備後,車両・内装,製品・交流・体験,6.006,,False,
V0622,DSCF4559_高品質 1080p HD.mp4,備後,車両・内装,製品・人物・交流・体験,12.012,,False,
V0623,DSCF4561_高品質 1080p HD.mp4,備後,車両・内装,製品・人物・交流・体験,6.006,,False,
V0624,DSCF4562_高品質 1080p HD.mp4,備後,車両・内装,製品・交流・体験,5.005,,False,
V0625,DSCF4597_高品質 1080p HD.mp4,備後,業種要確認,資料・交流・体験,3.003,,False,
V0626,DSCF4602_高品質 1080p HD.mp4,備後,業種要確認,工場全景・地域風景,11.011,,False,
V0627,DSCF4604_高品質 1080p HD.mp4,備後,繊維・織物,機械・工場全景・交流・体験,5.005,,False,
V0628,DSCF4607_高品質 1080p HD.mp4,備後,繊維・織物,機械・工場全景・交流・体験,8.008,,False,
V0629,DSCF4608_高品質 1080p HD.mp4,備後,繊維・織物,機械・素材加工,16.016,A,False,糸状素材を扱う装置の近景。反復動作・機械音の候補
V0630,DSCF4609_高品質 1080p HD.mp4,備後,繊維・織物,機械・素材加工,10.01,,False,
V0631,DSCF4613_高品質 1080p HD.mp4,備後,繊維・織物,機械・工場全景,6.006,,False,
V0632,DSCF4614_高品質 1080p HD.mp4,備後,繊維・織物,機械・素材加工,14.014,,False,
V0633,DSCF4617_高品質 1080p HD.mp4,備後,繊維・織物,機械・素材加工,25.025,,False,
V0634,DSCF4618_高品質 1080p HD.mp4,備後,繊維・織物,人物・交流・体験,11.011,,False,
V0635,DSCF4619_高品質 1080p HD.mp4,備後,繊維・織物,人物・交流・体験,3.003,,False,
V0636,DSCF4622_高品質 1080p HD.mp4,備後,繊維・織物,機械・素材加工,6.006,,False,
V0637,DSCF4623_高品質 1080p HD.mp4,備後,繊維・織物,機械・素材加工,7.007,,False,
V0638,DSCF4624_高品質 1080p HD.mp4,備後,繊維・織物,機械・素材加工,14.014,,False,
V0639,DSCF4626_高品質 1080p HD.mp4,備後,繊維・織物,機械・素材加工,6.006,,False,
V0640,DSCF4637_高品質 1080p HD.mp4,備後,繊維・織物,機械・素材加工,44.044,A,False,多数の白い糸状素材が動くように見える装置。加工の主軸候補
V0641,DSCF4638_高品質 1080p HD.mp4,備後,繊維・織物,機械・素材加工,8.008,,False,
V0642,DSCF4659_高品質 1080p HD.mp4,備後,繊維・織物,製品・素材加工,6.006,,False,
V0643,DSCF4676_高品質 1080p HD.mp4,備後,業種要確認,人物・交流・体験,8.008,,False,
V0644,DSCF4691_高品質 1080p HD.mp4,備後,金属加工,機械・素材加工,8.008,,False,
V0645,DSCF4692_高品質 1080p HD.mp4,備後,金属加工,機械・素材加工,20.02,A,False,金属状の素材を回転させて加工する寄り。加工の主軸候補
V0646,DSCF4700_高品質 1080p HD.mp4,備後,金属加工,機械・素材加工,22.022,,False,
V0647,DSCF4702_高品質 1080p HD.mp4,備後,金属加工,機械・素材加工,14.014,,False,
V0648,DSCF4703_高品質 1080p HD.mp4,備後,金属加工,機械・資料,9.009,,False,
V0649,DSCF4704_高品質 1080p HD.mp4,備後,金属加工,機械・素材加工,19.019,,False,
V0650,DSCF4708_高品質 1080p HD.mp4,備後,金属加工,機械・素材加工,11.011,A,False,複雑な形状の部品を加工工具が扱う寄り。加工の瞬間
V0651,DSCF4722_高品質 1080p HD.mp4,備後,金属加工,機械・素材加工,24.024,,False,
V0652,DSCF4723_高品質 1080p HD.mp4,備後,金属加工,人物・交流・体験,9.009,,False,
V0653,DSCF4729_高品質 1080p HD.mp4,備後,金属加工・装飾体験,手仕事・交流・体験,6.006,,False,
V0654,DSCF4730_高品質 1080p HD.mp4,備後,金属加工・装飾体験,手仕事・交流・体験,22.022,,False,
V0655,DSCF4736_高品質 1080p HD.mp4,備後,金属加工・装飾体験,手仕事・交流・体験,7.007,,False,
V0656,DSCF4737_高品質 1080p HD.mp4,備後,金属加工・装飾体験,製品,8.008,,False,
V0657,DSCF4739_高品質 1080p HD.mp4,備後,金属加工・装飾体験,機械・手仕事・交流・体験,9.009,A,False,小型装置を操作して部品を加工する手元。加工体験
V0658,DSCF4740_高品質 1080p HD.mp4,備後,金属加工・装飾体験,機械・手仕事・交流・体験,6.006,,False,
V0659,DSCF4743_高品質 1080p HD.mp4,備後,金属加工・装飾体験,製品,6.006,B,False,模様の異なる丸い金属状部品の完成形。質感と成果
V0660,DSCF4761_高品質 1080p HD.mp4,備後,金属加工・装飾体験,人物・交流・体験,8.008,,False,
V0661,DSCF4764_高品質 1080p HD.mp4,備後,地域風景・告知（業種対象外）,地域風景,18.018,,False,
V0662,DSCF4766_高品質 1080p HD.mp4,備後,地域風景・告知（業種対象外）,地域風景,9.009,,False,
V0663,DSCF4774_高品質 1080p HD.mp4,備後,地域風景・告知（業種対象外）,資料・地域風景,8.008,,False,
V0664,DSCF4778_高品質 1080p HD.mp4,備後,業種要確認,地域風景・交流・体験,11.011,B,False,夕景の中を歩く参加者。地域と交流の補助候補
V0665,DSCF4784_高品質 1080p HD.mp4,備後,業種要確認,人物・交流・体験,12.012,,False,
V0666,DSCF4785_高品質 1080p HD.mp4,備後,業種要確認,人物・交流・体験,10.01,,False,
V0667,DSCF4786_高品質 1080p HD.mp4,備後,業種要確認,人物・交流・体験,14.014,,False,
V0668,DSCF4794_高品質 1080p HD.mp4,備後,業種要確認,人物・交流・体験,13.013,,False,
V0669,DSCF4795_高品質 1080p HD.mp4,備後,業種要確認,人物・交流・体験,10.01,,False,
V0670,DSCF4796_高品質 1080p HD.mp4,備後,業種要確認,資料・交流・体験,1.001,,False,
V0671,DSCF4808_高品質 1080p HD.mp4,備後,業種要確認,人物・交流・体験,15.015,,False,
V0672,DSCF4809_高品質 1080p HD.mp4,備後,業種要確認,人物・交流・体験,10.01,,False,
V0673,DSCF4820_高品質 1080p HD.mp4,備後,調理体験,手仕事・素材加工・交流・体験,6.006,,False,
V0674,DSCF4821_高品質 1080p HD.mp4,備後,調理体験,手仕事・素材加工・交流・体験,13.013,,False,
V0675,DSCF4822_高品質 1080p HD.mp4,備後,調理体験,製品・素材加工,4.004,B,False,粒状の食材を加熱する寄り。調理音は要試聴
V0676,DSCF4823_高品質 1080p HD.mp4,備後,業種要確認,人物・交流・体験,3.003,,False,
V0677,DSCF4851_高品質 1080p HD.mp4,備後,業種要確認,人物・交流・体験,9.009,,False,
V0678,DSCF4852_高品質 1080p HD.mp4,備後,業種要確認,人物・交流・体験,11.011,,False,
V0679,DSCF4854_高品質 1080p HD.mp4,備後,業種要確認,人物・交流・体験,18.018,,False,
V0680,DSCF4856_高品質 1080p HD.mp4,備後,業種要確認,人物・交流・体験,12.012,,False,
V0681,DSCF4857_高品質 1080p HD.mp4,備後,業種要確認,人物・交流・体験,8.008,,False,
V0682,DSCF4864_高品質 1080p HD.mp4,備後,業種要確認,人物・交流・体験,8.008,,False,
V0683,DSCF4865_高品質 1080p HD.mp4,備後,業種要確認,人物・交流・体験,6.006,,False,
V0684,DSCF4872_高品質 1080p HD.mp4,備後,業種要確認,人物・交流・体験,15.015,,False,
V0685,DSCF4876_高品質 1080p HD.mp4,備後,業種要確認,人物・交流・体験,8.008,,False,
V0686,DSCF4877_高品質 1080p HD.mp4,備後,業種要確認,人物・交流・体験,7.007,,False,
V0687,DSCF4881_高品質 1080p HD.mp4,備後,業種要確認,人物・交流・体験,11.011,,False,
V0688,DSCF4886_高品質 1080p HD.mp4,備後,業種要確認,人物・交流・体験,11.011,,False,
V0689,DSCF4888_高品質 1080p HD.mp4,備後,業種要確認,人物・交流・体験,11.011,,False,
V0690,DSCF4889_高品質 1080p HD.mp4,備後,業種要確認,人物・交流・体験,10.01,,False,
V0691,DSCF4890_高品質 1080p HD.mp4,備後,業種要確認,人物・交流・体験,9.009,,False,
V0692,DSCF4891_高品質 1080p HD.mp4,備後,業種要確認,人物・交流・体験,9.009,,False,
V0693,DSCF4903_高品質 1080p HD.mp4,備後,業種要確認,人物・交流・体験,30.03,,False,
